﻿<ConfigArchive>
  <ProfileName>YouTube</ProfileName>
  <ProfileDesc>Creates a video with the recommended settings for uploading content onto YouTube</ProfileDesc>
  <ProfileUserCreated>0</ProfileUserCreated>
  <ProfileOrder>2</ProfileOrder>
  <Version>2.0</Version>
  <ProjMetadataSize>0</ProjMetadataSize>
  <ProductionFormat>14</ProductionFormat>
  <ProfileNumber>0</ProfileNumber>
  <StdSizeIndex>0</StdSizeIndex>
  <MovieWidth>1920</MovieWidth>
  <MovieHeight>1080</MovieHeight>
  <StretchToFit>1</StretchToFit>
  <MaintainAspectRatio>1</MaintainAspectRatio>
  <MaintainEmbedAspectRatio>1</MaintainEmbedAspectRatio>
  <MovieSize>4</MovieSize>
  <Title></Title>
  <Author></Author>
  <Copyright></Copyright>
  <Description></Description>
  <VideoCompressor>TechSmith Screen Codec 2</VideoCompressor>
  <AudioCompressor>PCM</AudioCompressor>
  <PIPBGImage></PIPBGImage>
  <Interleave>1</Interleave>
  <BackgroundColor>0x00000000</BackgroundColor>
  <InterleaveRate>1</InterleaveRate>
  <InterleaveByFrames>0</InterleaveByFrames>
  <AviHandler>0x32637374</AviHandler>
  <AviQuality>-1</AviQuality>
  <AviKeyframeRate>800</AviKeyframeRate>
  <AviDataRate>0</AviDataRate>
  <AviFRRate>0x0000001E</AviFRRate>
  <AviFRScale>0x00000001</AviFRScale>
  <AviFRTime>0x00000001</AviFRTime>
  <BitsPixel>0</BitsPixel>
  <AviEncodeAudio>1</AviEncodeAudio>
  <M4ABitrate>20</M4ABitrate>
  <MoviePresetSize>0</MoviePresetSize>
  <AutomaticFramerate>1</AutomaticFramerate>
  <CustomFramerate>10</CustomFramerate>
  <IncludeWatermark>0</IncludeWatermark>
  <WatermarkScale>20</WatermarkScale>
  <WatermarkOpacity>50</WatermarkOpacity>
  <WatermarkHorzOffset>5</WatermarkHorzOffset>
  <WatermarkVertOffset>5</WatermarkVertOffset>
  <WatermarkUseTransparentColor>0</WatermarkUseTransparentColor>
  <WatermarkKeepAspectRatio>1</WatermarkKeepAspectRatio>
  <WatermarkUseSmoothScaling>1</WatermarkUseSmoothScaling>
  <WatermarkPreserveImageSize>0</WatermarkPreserveImageSize>
  <WatermarkColorTransparent>0x00FFFFFF</WatermarkColorTransparent>
  <WatermarkPlacement>8</WatermarkPlacement>
  <WatermarkEmboss>0</WatermarkEmboss>
  <WatermarkEmbossDepth>20</WatermarkEmbossDepth>
  <WatermarkEmbossDirectfion>0</WatermarkEmbossDirectfion>
  <MaxImageWidth>1280</MaxImageWidth>
  <MaxImageHeight>1024</MaxImageHeight>
  <CaptionType>2</CaptionType>
  <SCORMVersion>0</SCORMVersion>
  <HTMLAlignmentName>1</HTMLAlignmentName>
  <TOCType>2</TOCType>
  <ThumbnailSize>0</ThumbnailSize>
  <TOCThumbnailType>1</TOCThumbnailType>
  <AviAudioFmt>AQABACJWAABErAAAAgAQAAAA</AviAudioFmt>
  <Mp3AudioFmt>AAcBAESsAACAPgAAAQAAAAwAYwAEAAAAoQEBAM3N</Mp3AudioFmt>
  <AdditionalMP3Format>5</AdditionalMP3Format>
  <ProducedPPBefore>0</ProducedPPBefore>
  <AutoPostProduction>0</AutoPostProduction>
  <StartLogoImage></StartLogoImage>
  <EndLogoImage></EndLogoImage>
  <FullScreenOption>1</FullScreenOption>
  <TOCLogoImage></TOCLogoImage>
  <AboutLogoImage></AboutLogoImage>
  <AboutTitleBarLogoImage></AboutTitleBarLogoImage>
  <AboutBoxUseText>1</AboutBoxUseText>
  <AboutTitleBarText></AboutTitleBarText>
  <TOCTitleText></TOCTitleText>
  <SwfAudioFormat>2</SwfAudioFormat>
  <SwfPcmFormat>0</SwfPcmFormat>
  <SwfAdpcmFormat>0</SwfAdpcmFormat>
  <SwfMp3Format>5</SwfMp3Format>
  <SwfPlaybackControls>2</SwfPlaybackControls>
  <SwfPauseAtStart>0</SwfPauseAtStart>
  <SwfAllowResizing>0</SwfAllowResizing>
  <SwfAllowResizingSSWF>1</SwfAllowResizingSSWF>
  <SwfPreloadAdvanced>1</SwfPreloadAdvanced>
  <SwfEndAction>0</SwfEndAction>
  <SwfEndActionUrl>http://</SwfEndActionUrl>
  <SwfClassicControlColor>0x00C0C0C0</SwfClassicControlColor>
  <SwfUnifiedControlColor>0x00272727</SwfUnifiedControlColor>
  <SwfShowAboutBtn>1</SwfShowAboutBtn>
  <SwfAboutBoxTxt></SwfAboutBoxTxt>
  <SwfInfoBoxTxt></SwfInfoBoxTxt>
  <SwfInfoBoxSelected>1</SwfInfoBoxSelected>
  <SwfCCInitiallyVisible>1</SwfCCInitiallyVisible>
  <SwfCCInitiallyVisibleSSWF>0</SwfCCInitiallyVisibleSSWF>
  <SwfShowMovieDuration>1</SwfShowMovieDuration>
  <SwfShowTimeElapsed>1</SwfShowTimeElapsed>
  <SwfTimeDisplayFormat>MM:SS</SwfTimeDisplayFormat>
  <SwfTimeFont>Arial</SwfTimeFont>
  <SwfTimeFontColor>0x00000000</SwfTimeFontColor>
  <SwfMatchPreloadMovieSize>0</SwfMatchPreloadMovieSize>
  <SwfMainMovieLoadPercent>10</SwfMainMovieLoadPercent>
  <SwfPreloadMinDisplayTime>3</SwfPreloadMinDisplayTime>
  <JPEGQuality>50</JPEGQuality>
  <EncodeJPEG>0</EncodeJPEG>
  <SwfQuizIndentPercent>10</SwfQuizIndentPercent>
  <SwfTargetVersion>8</SwfTargetVersion>
  <Controller>0</Controller>
  <CompressSWF>1</CompressSWF>
  <SSWFStyle>0</SSWFStyle>
  <NuevoStyle>0</NuevoStyle>
  <SwfStartScreenText></SwfStartScreenText>
  <SwfStartCustomThumbScale>45</SwfStartCustomThumbScale>
  <SwfStartColor>0x001A1A1A</SwfStartColor>
  <SwfStartScreenShow>0</SwfStartScreenShow>
  <SwfEndScreenShow>1</SwfEndScreenShow>
  <SwfLoopAtEnd>0</SwfLoopAtEnd>
  <SwfAutoHideControls>1</SwfAutoHideControls>
  <SwfUseExternalConfig>0</SwfUseExternalConfig>
  <SwfTransparencyScale>100</SwfTransparencyScale>
  <SwfAboutBoxWidth>336</SwfAboutBoxWidth>
  <SwfAboutBoxHeight>270</SwfAboutBoxHeight>
  <SwfInitialVolume>100</SwfInitialVolume>
  <SwfBrandContextMenu>0</SwfBrandContextMenu>
  <SwfHTMLPauseAtStart>1</SwfHTMLPauseAtStart>
  <SwfPausePlaybackAfterJump>1</SwfPausePlaybackAfterJump>
  <SwfGetURLFunction>0</SwfGetURLFunction>
  <SwfControllerSkinName>glass</SwfControllerSkinName>
  <JPEGThreshold>900</JPEGThreshold>
  <WMIndexerOn>1</WMIndexerOn>
  <WMDefaultProfile>1</WMDefaultProfile>
  <MP4VideoProfile>3</MP4VideoProfile>
  <MP4VideoLevel>100</MP4VideoLevel>
  <MP4VideoBitRateMode>1</MP4VideoBitRateMode>
  <MP4VideoBitRateAvg>819200</MP4VideoBitRateAvg>
  <MP4VideoQuality>60</MP4VideoQuality>
  <MP4VideoKeyframeRate>5</MP4VideoKeyframeRate>
  <MP4VideoMaxBFrames>0</MP4VideoMaxBFrames>
  <MP4VideoMaxWidth>0</MP4VideoMaxWidth>
  <MP4VideoMaxHeight>0</MP4VideoMaxHeight>
  <MP4AudioBitRateAverage>18</MP4AudioBitRateAverage>
  <MP4VideoColorConversion>1</MP4VideoColorConversion>
  <MaxWaitTimeForFirstFrameToArriveForMuxer>120</MaxWaitTimeForFirstFrameToArriveForMuxer>
  <HTMLOutput>0</HTMLOutput>
  <ViewerIdentAnon>0</ViewerIdentAnon>
  <CreateMediaDir>1</CreateMediaDir>
  <CreateSWFMediaDir>0</CreateSWFMediaDir>
  <QuizReportingSCORM>0</QuizReportingSCORM>
  <QuizReportingTSCAPI>0</QuizReportingTSCAPI>
  <QuizAllowSkip>0</QuizAllowSkip>
  <SCORMPackage>2</SCORMPackage>
  <EMailReceipt></EMailReceipt>
  <ManifestID>ID-6269BC21-4A2C-4B11-AB11-4D2379AE2E4A</ManifestID>
  <ManifestTitle></ManifestTitle>
  <ManifestDesc></ManifestDesc>
  <ManifestSubject></ManifestSubject>
  <SCOTitle></SCOTitle>
  <HostingKey></HostingKey>
  <QuizPassing>80</QuizPassing>
  <CompletePercentage>100</CompletePercentage>
  <HTMLController>1</HTMLController>
  <HTMLAutoPlay>1</HTMLAutoPlay>
  <WriteIndex>0</WriteIndex>
  <WriteMultipleFiles>0</WriteMultipleFiles>
  <ShortenIndexNames>1</ShortenIndexNames>
  <ShortenedIndexLength>17</ShortenedIndexLength>
  <NumberIndexMarkers>0</NumberIndexMarkers>
  <HTMLTemplateName>Default</HTMLTemplateName>
  <EmbedSize>4</EmbedSize>
  <EmbedWidth>640</EmbedWidth>
  <EmbedHeight>480</EmbedHeight>
  <TOCInitiallyVisible>0</TOCInitiallyVisible>
  <WriteSearchMaterial>1</WriteSearchMaterial>
  <WriteQuizMaterial>1</WriteQuizMaterial>
  <Path>2</Path>
  <LastPathChosen>4</LastPathChosen>
  <Distribution>5</Distribution>
  <OutputFileName>Untitled.avi</OutputFileName>
  <AdvMovieSize>3</AdvMovieSize>
  <Connection>1</Connection>
  <RecommendedFormat>14</RecommendedFormat>
  <ScreenCaptureContent>1</ScreenCaptureContent>
  <RealWorldContent>0</RealWorldContent>
  <PowerPointContent>0</PowerPointContent>
  <MicAudioContent>0</MicAudioContent>
  <MusicAudioContent>0</MusicAudioContent>
  <VideoQualitySlider>4</VideoQualitySlider>
  <AudioQualitySlider>4</AudioQualitySlider>
  <UsePresetOptions>0</UsePresetOptions>
  <WhyRecommendFormat></WhyRecommendFormat>
  <WhyRecommendVideoSettings></WhyRecommendVideoSettings>
  <WhyRecommendAudioSettings></WhyRecommendAudioSettings>
  <UsedRecommendation>1</UsedRecommendation>
  <WebOpenProdFolder>1</WebOpenProdFolder>
  <WebZip>0</WebZip>
  <Web3rdPartyHosting>0</Web3rdPartyHosting>
  <EmailOpenProdFolder>0</EmailOpenProdFolder>
  <CDOpenProdFolder>1</CDOpenProdFolder>
  <DVDOpenProdFolder>0</DVDOpenProdFolder>
  <IPODOpenProdFolder>1</IPODOpenProdFolder>
  <HardDriveOpenProdFolder>0</HardDriveOpenProdFolder>
  <FlashSizePrevTemplate>0</FlashSizePrevTemplate>
  <FlashSizePresetWidth>-1</FlashSizePresetWidth>
  <FlashSizePresetHeight>-1</FlashSizePresetHeight>
  <FlashSizeActualTotalWidth>0</FlashSizeActualTotalWidth>
  <FlashSizeActualTotalHeight>0</FlashSizeActualTotalHeight>
  <IPOD3rdPartyHosting>0</IPOD3rdPartyHosting>
  <ScreencastUseLibaryThumb>0</ScreencastUseLibaryThumb>
  <ScreencastAllowComments>0</ScreencastAllowComments>
  <GifBitsPixel>0</GifBitsPixel>
  <GifFRRate>0x00000000</GifFRRate>
  <GifFRScale>0x00000001</GifFRScale>
  <GifFRTime>0x00000001</GifFRTime>
  <GifIterations>0</GifIterations>
  <GifOptimizedPalette>1</GifOptimizedPalette>
  <GifWindowsColors>1</GifWindowsColors>
  <GifDither>0</GifDither>
</ConfigArchive>
